{"cameraMode":{"drawMode":0,"name":"Shaded","section":"Shading Mode"},"sceneLighting":true,"audioPlay":false,"sceneViewState":{"m_AlwaysRefresh":false,"showFog":true,"showSkybox":true,"showFlares":true,"showImageEffects":true,"showParticleSystems":true,"showVisualEffectGraphs":true,"m_FxEnabled":true},"in2DMode":false,"pivot":{"x":1.5254135131835938,"y":-26.288414001464845,"z":103.5750732421875},"rotation":{"x":0.19914892315864564,"y":0.05582406371831894,"z":-0.011359394527971745,"w":0.9783613681793213},"size":187.15005493164063,"orthographic":false}