{"cameraMode":{"drawMode":0,"name":"Shaded","section":"Shading Mode"},"sceneLighting":false,"audioPlay":false,"sceneViewState":{"m_AlwaysRefresh":false,"showFog":false,"showSkybox":false,"showFlares":true,"showImageEffects":true,"showParticleSystems":true,"showVisualEffectGraphs":true,"m_FxEnabled":true},"in2DMode":false,"pivot":{"x":-0.000002562999725341797,"y":-0.14840811491012574,"z":-0.04354500770568848},"rotation":{"x":0.11302364617586136,"y":0.8099724054336548,"z":-0.16614222526550294,"w":0.5510535836219788},"size":1.0067654848098755,"orthographic":false}