{"cameraMode":{"drawMode":0,"name":"Shaded","section":"Shading Mode"},"sceneLighting":false,"audioPlay":false,"sceneViewState":{"m_AlwaysRefresh":true,"showFog":true,"showSkybox":false,"showFlares":true,"showImageEffects":true,"showParticleSystems":true,"showVisualEffectGraphs":true,"m_FxEnabled":true},"in2DMode":false,"pivot":{"x":-26.075328826904298,"y":1.869922161102295,"z":-86.39610290527344},"rotation":{"x":-0.012470328249037266,"y":-0.8798215389251709,"z":0.47483140230178835,"w":-0.022867435589432718},"size":8.544143676757813,"orthographic":false}