{"cameraMode":{"drawMode":0,"name":"Shaded","section":"Shading Mode"},"sceneLighting":false,"audioPlay":false,"sceneViewState":{"m_AlwaysRefresh":false,"showFog":false,"showSkybox":false,"showFlares":true,"showImageEffects":true,"showParticleSystems":true,"showVisualEffectGraphs":true,"m_FxEnabled":true},"in2DMode":false,"pivot":{"x":-4.861112117767334,"y":0.5032413005828857,"z":1.1653413772583008},"rotation":{"x":0.24429476261138917,"y":0.38246649503707888,"z":-0.10546495020389557,"w":0.8849180936813355},"size":5.709468364715576,"orthographic":false}