{"cameraMode":{"drawMode":0,"name":"Shaded","section":"Shading Mode"},"sceneLighting":false,"audioPlay":false,"sceneViewState":{"m_AlwaysRefresh":true,"showFog":true,"showSkybox":false,"showFlares":true,"showImageEffects":true,"showParticleSystems":true,"showVisualEffectGraphs":true,"m_FxEnabled":true},"in2DMode":false,"pivot":{"x":-11.801328659057618,"y":-0.0018686801195144654,"z":-94.69910430908203},"rotation":{"x":0.42405077815055849,"y":0.3345681428909302,"z":-0.1722879558801651,"w":0.823804497718811},"size":4.611586093902588,"orthographic":false}