{"cameraMode":{"drawMode":0,"name":"Shaded","section":"Shading Mode"},"sceneLighting":false,"audioPlay":false,"sceneViewState":{"m_AlwaysRefresh":false,"showFog":false,"showSkybox":false,"showFlares":true,"showImageEffects":true,"showParticleSystems":true,"showVisualEffectGraphs":true,"m_FxEnabled":true},"in2DMode":false,"pivot":{"x":0.29000020027160647,"y":-0.2446722388267517,"z":0.013915389776229859},"rotation":{"x":0.0063840728253126148,"y":0.9880604147911072,"z":-0.14862987399101258,"w":0.041896309703588489},"size":2.927445411682129,"orthographic":false}