{"cameraMode":{"drawMode":0,"name":"Shaded","section":"Shading Mode"},"sceneLighting":false,"audioPlay":false,"sceneViewState":{"m_AlwaysRefresh":true,"showFog":true,"showSkybox":false,"showFlares":true,"showImageEffects":true,"showParticleSystems":true,"showVisualEffectGraphs":true,"m_FxEnabled":true},"in2DMode":false,"pivot":{"x":-7.5311150550842289,"y":-0.44684672355651858,"z":-75.34156799316406},"rotation":{"x":0.21010145545005799,"y":-0.04672769457101822,"z":0.01020831149071455,"w":0.9766770601272583},"size":5.34162712097168,"orthographic":false}