{"cameraMode":{"drawMode":0,"name":"Shaded","section":"Shading Mode"},"sceneLighting":true,"audioPlay":false,"sceneViewState":{"m_AlwaysRefresh":true,"showFog":true,"showSkybox":true,"showFlares":true,"showImageEffects":true,"showParticleSystems":true,"showVisualEffectGraphs":true,"m_FxEnabled":true},"in2DMode":false,"pivot":{"x":-0.6183722019195557,"y":0.22020530700683595,"z":1.7089989185333253},"rotation":{"x":0.08392265439033508,"y":-0.20254644751548768,"z":0.017939092591404916,"w":0.9758142828941345},"size":2.949402332305908,"orthographic":false}