{"cameraMode":{"drawMode":0,"name":"Shaded","section":"Shading Mode"},"sceneLighting":true,"audioPlay":false,"sceneViewState":{"m_AlwaysRefresh":true,"showFog":true,"showSkybox":true,"showFlares":true,"showImageEffects":true,"showParticleSystems":true,"showVisualEffectGraphs":true,"m_FxEnabled":true},"in2DMode":false,"pivot":{"x":-0.3238682746887207,"y":3.7932662963867189,"z":16.888212203979493},"rotation":{"x":0.17547489702701569,"y":0.3090176284313202,"z":-0.058112841099500659,"w":0.9330188035964966},"size":6.019515514373779,"orthographic":false}