{"cameraMode":{"drawMode":0,"name":"Shaded","section":"Shading Mode"},"sceneLighting":true,"audioPlay":false,"sceneViewState":{"m_AlwaysRefresh":true,"showFog":true,"showSkybox":true,"showFlares":true,"showImageEffects":true,"showParticleSystems":true,"showVisualEffectGraphs":true,"m_FxEnabled":true},"in2DMode":false,"pivot":{"x":0.04447760432958603,"y":-4.061962127685547,"z":-4.855518817901611},"rotation":{"x":0.06522591412067414,"y":0.13809287548065186,"z":-0.009085035882890225,"w":0.9882960319519043},"size":5.864151477813721,"orthographic":false}