{"cameraMode":{"drawMode":0,"name":"Shaded","section":"Shading Mode"},"sceneLighting":true,"audioPlay":false,"sceneViewState":{"m_AlwaysRefresh":true,"showFog":true,"showSkybox":true,"showFlares":true,"showImageEffects":true,"showParticleSystems":true,"showVisualEffectGraphs":true,"m_FxEnabled":true},"in2DMode":false,"pivot":{"x":0.4499562084674835,"y":8.446260452270508,"z":-47.8819694519043},"rotation":{"x":0.0002241033362224698,"y":-0.9997638463973999,"z":0.02189723029732704,"w":0.008099522441625595},"size":21.263153076171876,"orthographic":false}