{"cameraMode":{"drawMode":0,"name":"Shaded","section":"Shading Mode"},"sceneLighting":true,"audioPlay":false,"sceneViewState":{"m_AlwaysRefresh":true,"showFog":true,"showSkybox":true,"showFlares":true,"showImageEffects":true,"showParticleSystems":true,"showVisualEffectGraphs":true,"m_FxEnabled":true},"in2DMode":false,"pivot":{"x":3.3946118354797365,"y":-0.43520164489746096,"z":7.080438613891602},"rotation":{"x":0.28406283259391787,"y":0.2025674283504486,"z":-0.061546340584754947,"w":0.9351832866668701},"size":12.1470308303833,"orthographic":false}