{"cameraMode":{"drawMode":0,"name":"Shaded","section":"Shading Mode"},"sceneLighting":true,"audioPlay":false,"sceneViewState":{"m_AlwaysRefresh":true,"showFog":true,"showSkybox":true,"showFlares":true,"showImageEffects":true,"showParticleSystems":true,"showVisualEffectGraphs":true,"m_FxEnabled":true},"in2DMode":false,"pivot":{"x":-0.5978196263313294,"y":-4.418450832366943,"z":15.646514892578125},"rotation":{"x":-0.34269604086875918,"y":-0.03352639451622963,"z":0.012483424507081509,"w":-0.938869059085846},"size":9.901780128479004,"orthographic":false}