{"cameraMode":{"drawMode":0,"name":"Shaded","section":"Shading Mode"},"sceneLighting":true,"audioPlay":false,"sceneViewState":{"m_AlwaysRefresh":true,"showFog":true,"showSkybox":true,"showFlares":true,"showImageEffects":true,"showParticleSystems":true,"showVisualEffectGraphs":true,"m_FxEnabled":true},"in2DMode":false,"pivot":{"x":0.3520714044570923,"y":-4.766817092895508,"z":9.364115715026856},"rotation":{"x":0.19116517901420594,"y":-0.03296903893351555,"z":0.007053659297525883,"w":0.9814212918281555},"size":12.037877082824707,"orthographic":false}