{"cameraMode":{"drawMode":0,"name":"Shaded","section":"Shading Mode"},"sceneLighting":true,"audioPlay":false,"sceneViewState":{"m_AlwaysRefresh":true,"showFog":true,"showSkybox":true,"showFlares":true,"showImageEffects":true,"showParticleSystems":true,"showVisualEffectGraphs":true,"m_FxEnabled":true},"in2DMode":false,"pivot":{"x":55.630699157714847,"y":-225.3224639892578,"z":314.9253845214844},"rotation":{"x":0.3452991843223572,"y":0.10526745021343231,"z":-0.039010677486658099,"w":0.9317563772201538},"size":202.58108520507813,"orthographic":false}