{"cameraMode":{"drawMode":0,"name":"Shaded","section":"Shading Mode"},"sceneLighting":true,"audioPlay":false,"sceneViewState":{"m_AlwaysRefresh":true,"showFog":true,"showSkybox":true,"showFlares":true,"showImageEffects":true,"showParticleSystems":true,"showVisualEffectGraphs":true,"m_FxEnabled":true},"in2DMode":false,"pivot":{"x":-83.6275634765625,"y":-34.61349868774414,"z":978.9591064453125},"rotation":{"x":0.09026835858821869,"y":-0.019250160083174707,"z":0.001892485423013568,"w":0.9958885908126831},"size":275.3500671386719,"orthographic":false}