{"cameraMode":{"drawMode":0,"name":"Shaded","section":"Shading Mode"},"sceneLighting":true,"audioPlay":false,"sceneViewState":{"m_AlwaysRefresh":true,"showFog":true,"showSkybox":true,"showFlares":true,"showImageEffects":true,"showParticleSystems":true,"showVisualEffectGraphs":true,"m_FxEnabled":true},"in2DMode":false,"pivot":{"x":0.27000001072883608,"y":-1.399999976158142,"z":-0.9300000071525574},"rotation":{"x":0.23404161632061006,"y":0.4619637429714203,"z":-0.1277836412191391,"w":0.8459506630897522},"size":4.845898151397705,"orthographic":false}