{"cameraMode":{"drawMode":0,"name":"Shaded","section":"Shading Mode"},"sceneLighting":false,"audioPlay":false,"sceneViewState":{"m_AlwaysRefresh":true,"showFog":true,"showSkybox":false,"showFlares":true,"showImageEffects":true,"showParticleSystems":true,"showVisualEffectGraphs":true,"m_FxEnabled":true},"in2DMode":false,"pivot":{"x":-0.03599999099969864,"y":0.15080225467681886,"z":-1.1175870895385743e-8},"rotation":{"x":-0.011661538854241372,"y":-0.9761545062065125,"z":0.21302348375320435,"w":-0.050054896622896197},"size":0.19135461747646333,"orthographic":false}