{"cameraMode":{"drawMode":0,"name":"Shaded","section":"Shading Mode"},"sceneLighting":false,"audioPlay":false,"sceneViewState":{"m_AlwaysRefresh":false,"showFog":true,"showSkybox":false,"showFlares":true,"showImageEffects":true,"showParticleSystems":true,"showVisualEffectGraphs":true,"m_FxEnabled":true},"in2DMode":false,"pivot":{"x":2.0084848403930666,"y":-0.06766247749328613,"z":1.8539738655090333},"rotation":{"x":0.225751593708992,"y":0.47528642416000368,"z":-0.12761612236499787,"w":0.8408055901527405},"size":1.9634003639221192,"orthographic":false}