{"cameraMode":{"drawMode":0,"name":"Shaded","section":"Shading Mode"},"sceneLighting":false,"audioPlay":false,"sceneViewState":{"m_AlwaysRefresh":true,"showFog":true,"showSkybox":false,"showFlares":true,"showImageEffects":true,"showParticleSystems":true,"showVisualEffectGraphs":true,"m_FxEnabled":true},"in2DMode":false,"pivot":{"x":-0.2760385274887085,"y":3.109485626220703,"z":11.238423347473145},"rotation":{"x":-0.11651194840669632,"y":0.11174162477254868,"z":-0.01297500729560852,"w":-0.9868872761726379},"size":2.2365598678588869,"orthographic":false}