{"cameraMode":{"drawMode":0,"name":"Shaded","section":"Shading Mode"},"sceneLighting":false,"audioPlay":false,"sceneViewState":{"m_AlwaysRefresh":true,"showFog":true,"showSkybox":false,"showFlares":true,"showImageEffects":true,"showParticleSystems":true,"showVisualEffectGraphs":true,"m_FxEnabled":true},"in2DMode":false,"pivot":{"x":-4.369999885559082,"y":0.6600000858306885,"z":6.650000095367432},"rotation":{"x":0.43960681557655337,"y":-0.028283599764108659,"z":0.013853916898369789,"w":0.8976508975028992},"size":1.978108286857605,"orthographic":false}