{"cameraMode":{"drawMode":0,"name":"Shaded","section":"Shading Mode"},"sceneLighting":false,"audioPlay":false,"sceneViewState":{"m_AlwaysRefresh":false,"showFog":true,"showSkybox":false,"showFlares":true,"showImageEffects":true,"showParticleSystems":true,"showVisualEffectGraphs":true,"m_FxEnabled":true},"in2DMode":false,"pivot":{"x":-2.190568447113037,"y":0.20018577575683595,"z":9.441574096679688},"rotation":{"x":-0.15715868771076203,"y":0.0020667908247560264,"z":-0.00035424393718130887,"w":-0.9875999689102173},"size":4.32548713684082,"orthographic":false}