{"cameraMode":{"drawMode":0,"name":"Shaded","section":"Shading Mode"},"sceneLighting":false,"audioPlay":false,"sceneViewState":{"m_AlwaysRefresh":true,"showFog":true,"showSkybox":false,"showFlares":true,"showImageEffects":true,"showParticleSystems":true,"showVisualEffectGraphs":true,"m_FxEnabled":true},"in2DMode":false,"pivot":{"x":-15.935304641723633,"y":2.751802444458008,"z":2.5757315158843996},"rotation":{"x":0.09716139733791352,"y":0.04361416772007942,"z":-0.004246211145073175,"w":0.9943948984146118},"size":2.051276445388794,"orthographic":false}