{"cameraMode":{"drawMode":0,"name":"Shaded","section":"Shading Mode"},"sceneLighting":false,"audioPlay":false,"sceneViewState":{"m_AlwaysRefresh":false,"showFog":true,"showSkybox":false,"showFlares":true,"showImageEffects":true,"showParticleSystems":true,"showVisualEffectGraphs":true,"m_FxEnabled":true},"in2DMode":false,"pivot":{"x":30.803756713867189,"y":7.92897891998291,"z":23.654390335083009},"rotation":{"x":-0.08989979326725006,"y":-0.32036811113357546,"z":0.03030797280371189,"w":-0.9426669478416443},"size":15.334114074707032,"orthographic":false}