{"cameraMode":{"drawMode":0,"name":"Shaded","section":"Shading Mode"},"sceneLighting":false,"audioPlay":false,"sceneViewState":{"m_AlwaysRefresh":true,"showFog":true,"showSkybox":false,"showFlares":true,"showImageEffects":true,"showParticleSystems":true,"showVisualEffectGraphs":true,"m_FxEnabled":true},"in2DMode":false,"pivot":{"x":0.057254597544670108,"y":-0.00920964777469635,"z":0.028765887022018434},"rotation":{"x":0.00934810470789671,"y":-0.9797911047935486,"z":-0.05126693844795227,"w":-0.19548095762729646},"size":0.38754063844680788,"orthographic":false}