{"cameraMode":{"drawMode":0,"name":"Shaded","section":"Shading Mode"},"sceneLighting":false,"audioPlay":false,"sceneViewState":{"m_AlwaysRefresh":false,"showFog":true,"showSkybox":false,"showFlares":true,"showImageEffects":true,"showParticleSystems":true,"showVisualEffectGraphs":true,"m_FxEnabled":true},"in2DMode":false,"pivot":{"x":-34.61894607543945,"y":5.907858371734619,"z":24.8552303314209},"rotation":{"x":0.008440780453383923,"y":0.2382785528898239,"z":0.0020716458093374969,"w":-0.9711750149726868},"size":14.223858833312989,"orthographic":false}