{"cameraMode":{"drawMode":0,"name":"Shaded","section":"Shading Mode"},"sceneLighting":true,"audioPlay":false,"sceneViewState":{"m_AlwaysRefresh":false,"showFog":true,"showSkybox":true,"showFlares":true,"showImageEffects":true,"showParticleSystems":true,"showVisualEffectGraphs":true,"m_FxEnabled":true},"in2DMode":false,"pivot":{"x":-39.52925109863281,"y":-271.519775390625,"z":414.35711669921877},"rotation":{"x":-0.3535871207714081,"y":0.044028908014297488,"z":-0.016678374260663987,"w":-0.9342578053474426},"size":232.03488159179688,"orthographic":false}