{"cameraMode":{"drawMode":0,"name":"Shaded","section":"Shading Mode"},"sceneLighting":false,"audioPlay":false,"sceneViewState":{"m_AlwaysRefresh":false,"showFog":true,"showSkybox":true,"showFlares":true,"showImageEffects":true,"showParticleSystems":true,"showVisualEffectGraphs":true,"m_FxEnabled":true},"in2DMode":false,"pivot":{"x":57.472015380859378,"y":-305.76422119140627,"z":598.2613525390625},"rotation":{"x":0.22139272093772889,"y":0.03237476944923401,"z":-0.0069600921124219898,"w":0.9747469425201416},"size":446.7688293457031,"orthographic":false}